-- --------------------------------------------------------
-- Host:                         127.0.0.1
-- Server version:               5.7.23 - MySQL Community Server (GPL)
-- Server OS:                    Win64
-- HeidiSQL Version:             10.1.0.5464
-- --------------------------------------------------------

/*!40101 SET @OLD_CHARACTER_SET_CLIENT=@@CHARACTER_SET_CLIENT */;
/*!40101 SET NAMES utf8 */;
/*!50503 SET NAMES utf8mb4 */;
/*!40014 SET @OLD_FOREIGN_KEY_CHECKS=@@FOREIGN_KEY_CHECKS, FOREIGN_KEY_CHECKS=0 */;
/*!40101 SET @OLD_SQL_MODE=@@SQL_MODE, SQL_MODE='NO_AUTO_VALUE_ON_ZERO' */;


-- Dumping database structure for hakkimsorn.edu
DROP DATABASE IF EXISTS `hakkimsorn.edu`;
CREATE DATABASE IF NOT EXISTS `hakkimsorn.edu` /*!40100 DEFAULT CHARACTER SET utf8 */;
USE `hakkimsorn.edu`;

-- Dumping structure for table hakkimsorn.edu.admins
DROP TABLE IF EXISTS `admins`;
CREATE TABLE IF NOT EXISTS `admins` (
  `id` int(10) unsigned NOT NULL AUTO_INCREMENT,
  `firstname` varchar(191) COLLATE utf8mb4_unicode_ci NOT NULL,
  `lastname` varchar(191) COLLATE utf8mb4_unicode_ci NOT NULL,
  `usernamme` varchar(191) COLLATE utf8mb4_unicode_ci DEFAULT NULL,
  `email` varchar(191) COLLATE utf8mb4_unicode_ci NOT NULL,
  `email_verified_at` timestamp NULL DEFAULT NULL,
  `password` varchar(191) COLLATE utf8mb4_unicode_ci NOT NULL,
  `remember_token` varchar(100) COLLATE utf8mb4_unicode_ci DEFAULT NULL,
  `created_at` timestamp NULL DEFAULT NULL,
  `updated_at` timestamp NULL DEFAULT NULL,
  PRIMARY KEY (`id`),
  UNIQUE KEY `admins_email_unique` (`email`),
  UNIQUE KEY `admins_usernamme_unique` (`usernamme`)
) ENGINE=MyISAM DEFAULT CHARSET=utf8mb4 COLLATE=utf8mb4_unicode_ci;

-- Dumping data for table hakkimsorn.edu.admins: 0 rows
/*!40000 ALTER TABLE `admins` DISABLE KEYS */;
/*!40000 ALTER TABLE `admins` ENABLE KEYS */;

-- Dumping structure for table hakkimsorn.edu.categories
DROP TABLE IF EXISTS `categories`;
CREATE TABLE IF NOT EXISTS `categories` (
  `id` int(10) unsigned NOT NULL AUTO_INCREMENT,
  `parent_id` int(10) unsigned NOT NULL,
  `category_name` varchar(50) COLLATE utf8mb4_unicode_ci NOT NULL,
  `category_name_kh` varchar(50) COLLATE utf8mb4_unicode_ci DEFAULT NULL,
  `description` varchar(200) COLLATE utf8mb4_unicode_ci DEFAULT NULL,
  `form_name` varchar(100) COLLATE utf8mb4_unicode_ci DEFAULT NULL,
  `form_header` varchar(250) COLLATE utf8mb4_unicode_ci DEFAULT NULL,
  `form_footer` varchar(250) COLLATE utf8mb4_unicode_ci DEFAULT NULL,
  `icon` varchar(255) COLLATE utf8mb4_unicode_ci DEFAULT NULL,
  `url` varchar(255) COLLATE utf8mb4_unicode_ci DEFAULT NULL,
  `is_active` tinyint(4) NOT NULL DEFAULT '1',
  `deleted_at` timestamp NULL DEFAULT NULL,
  `created_at` timestamp NULL DEFAULT NULL,
  `updated_at` timestamp NULL DEFAULT NULL,
  PRIMARY KEY (`id`)
) ENGINE=MyISAM AUTO_INCREMENT=133 DEFAULT CHARSET=utf8mb4 COLLATE=utf8mb4_unicode_ci;

-- Dumping data for table hakkimsorn.edu.categories: 132 rows
/*!40000 ALTER TABLE `categories` DISABLE KEYS */;
INSERT INTO `categories` (`id`, `parent_id`, `category_name`, `category_name_kh`, `description`, `form_name`, `form_header`, `form_footer`, `icon`, `url`, `is_active`, `deleted_at`, `created_at`, `updated_at`) VALUES
	(1, 0, 'Phones & Tablets', NULL, NULL, NULL, NULL, NULL, 'mobile-phones-tablets.png', NULL, 1, NULL, NULL, NULL),
	(2, 0, 'Computers & Accessories', NULL, NULL, NULL, NULL, NULL, 'computer-and-accessories.png', NULL, 1, NULL, NULL, NULL),
	(3, 0, 'Electronics & Appliances', NULL, NULL, NULL, NULL, NULL, 'electronics-appliances.png', NULL, 1, NULL, NULL, NULL),
	(4, 0, 'Cars and Vehicles', NULL, NULL, NULL, NULL, NULL, 'cars-and-vehicles.png', NULL, 1, NULL, NULL, NULL),
	(5, 0, ' House & Lands', NULL, NULL, NULL, NULL, NULL, 'property-housing-rentals.png', NULL, 1, NULL, NULL, NULL),
	(6, 0, 'Jobs', NULL, NULL, NULL, NULL, NULL, 'jobs.png', NULL, 1, NULL, NULL, NULL),
	(7, 0, 'Services', NULL, NULL, NULL, NULL, NULL, 'services.png', NULL, 1, NULL, NULL, NULL),
	(8, 0, 'Fashion & Beauty', NULL, NULL, NULL, NULL, NULL, 'fashion-beauty.png', NULL, 1, NULL, NULL, NULL),
	(9, 0, 'Books, Sports & Hobbies', NULL, NULL, NULL, NULL, NULL, 'books-sports-hobbies.png', NULL, 1, NULL, NULL, NULL),
	(10, 0, 'Furniture & Decor', NULL, NULL, NULL, NULL, NULL, 'furniture-decor.png', NULL, 1, NULL, NULL, NULL),
	(11, 0, 'Pets', NULL, NULL, NULL, NULL, NULL, 'pets.png', NULL, 1, NULL, NULL, NULL),
	(12, 0, 'Foods', NULL, NULL, NULL, NULL, NULL, 'foods.png', NULL, 1, NULL, NULL, NULL),
	(13, 1, 'Phones, Tablets', NULL, NULL, 'phone_tablets.phone.create', NULL, NULL, NULL, NULL, 1, NULL, NULL, NULL),
	(14, 1, 'Smart Watches', NULL, NULL, 'phone_tablets.watch.create', NULL, NULL, NULL, NULL, 1, NULL, NULL, NULL),
	(15, 1, 'Phone Accessories', NULL, NULL, 'phone_tablets.accessories.create', NULL, NULL, NULL, NULL, 1, NULL, NULL, NULL),
	(16, 1, 'Phone Numbers', NULL, NULL, 'phone_tablets.number.create', NULL, NULL, NULL, NULL, 1, NULL, NULL, NULL),
	(17, 2, 'Computers', NULL, NULL, 'computer_accessories.computer.create', NULL, NULL, NULL, NULL, 1, NULL, NULL, NULL),
	(18, 2, 'Computer accessories', NULL, NULL, 'computer_accessories.accessories.create', NULL, NULL, NULL, NULL, 1, NULL, NULL, NULL),
	(19, 2, 'Softwares', NULL, NULL, 'computer_accessories.software.create', NULL, NULL, NULL, NULL, 1, NULL, NULL, NULL),
	(20, 3, 'Consumer Electronics', NULL, NULL, 'electronic_appliances.electronic.create', NULL, NULL, NULL, NULL, 1, NULL, NULL, NULL),
	(21, 3, 'Security Camera', NULL, NULL, 'electronic_appliances.camera.create', NULL, NULL, NULL, NULL, 1, NULL, NULL, NULL),
	(22, 3, 'Cameras, camcorders', NULL, NULL, 'electronic_appliances.camcorder.create', NULL, NULL, NULL, NULL, 1, NULL, NULL, NULL),
	(23, 3, 'TVs, Videos and Audios', NULL, NULL, 'electronic_appliances.appliance_game_tv_video_audio.create', NULL, NULL, NULL, NULL, 1, NULL, NULL, NULL),
	(24, 3, 'Home appliances', NULL, NULL, 'electronic_appliances.appliance_game_tv_video_audio.create', NULL, NULL, NULL, NULL, 1, NULL, NULL, NULL),
	(25, 3, 'Video games, consoles, toys', NULL, NULL, 'electronic_appliances.appliance_game_tv_video_audio.create', NULL, NULL, NULL, NULL, 1, NULL, NULL, NULL),
	(26, 4, 'Cars for Sale', NULL, NULL, 'car_vehicles.car_sale.create', NULL, NULL, NULL, NULL, 1, NULL, NULL, NULL),
	(27, 4, 'Bicycles', NULL, NULL, 'car_vehicles.bicycle.create', NULL, NULL, NULL, NULL, 1, NULL, NULL, NULL),
	(28, 4, 'Motorcycles for Sale', NULL, NULL, 'car_vehicles.motocycle.create', NULL, NULL, NULL, NULL, 1, NULL, NULL, NULL),
	(29, 4, 'Vehicles for Rent', NULL, NULL, 'car_vehicles.vehicle_rent.create', NULL, NULL, NULL, NULL, 1, NULL, NULL, NULL),
	(30, 4, 'Car Maintenance & Repair', NULL, NULL, 'car_vehicles.repaire_insurance.create', NULL, NULL, NULL, NULL, 1, NULL, NULL, NULL),
	(31, 4, 'Lorries & Vans', NULL, NULL, 'car_vehicles.accessories_lorries_vans.create', NULL, NULL, NULL, NULL, 1, NULL, NULL, NULL),
	(32, 4, 'Financing & Insurance', NULL, NULL, 'car_vehicles.repaire_insurance.create', NULL, NULL, NULL, NULL, 1, NULL, NULL, NULL),
	(33, 4, 'Car Parts & Accessories', NULL, NULL, 'car_vehicles.accessories_lorries_vans.create', NULL, NULL, NULL, NULL, 1, NULL, NULL, NULL),
	(34, 4, 'Others', NULL, NULL, 'car_vehicles.others.create', NULL, NULL, NULL, NULL, 1, NULL, NULL, NULL),
	(35, 5, 'House for Sale', NULL, NULL, 'house_lands.house.create', NULL, NULL, NULL, NULL, 1, NULL, NULL, NULL),
	(36, 5, 'House for Rent', NULL, NULL, 'house_lands.house.create', NULL, NULL, NULL, NULL, 1, NULL, NULL, NULL),
	(37, 5, 'Apartment for Sale', NULL, NULL, 'house_lands.land_commercial_apartment_room.create', NULL, NULL, NULL, NULL, 1, NULL, NULL, NULL),
	(38, 5, 'Apartment for Rent', NULL, NULL, 'house_lands.land_commercial_apartment_room.create', NULL, NULL, NULL, NULL, 1, NULL, NULL, NULL),
	(39, 5, 'Land for Sale', NULL, NULL, 'house_lands.land_commercial_apartment_room.create', NULL, NULL, NULL, NULL, 1, NULL, NULL, NULL),
	(40, 5, 'Land for Rent', NULL, NULL, 'house_lands.land_commercial_apartment_room.create', NULL, NULL, NULL, NULL, 1, NULL, NULL, NULL),
	(41, 5, 'Commercial for Sale', NULL, NULL, 'house_lands.land_commercial_apartment_room.create', NULL, NULL, NULL, NULL, 1, NULL, NULL, NULL),
	(42, 5, 'Commercial for Rent', NULL, NULL, 'house_lands.land_commercial_apartment_room.create', NULL, NULL, NULL, NULL, 1, NULL, NULL, NULL),
	(43, 5, 'Room for Rent', NULL, NULL, 'house_lands.land_commercial_apartment_room.create', NULL, NULL, NULL, NULL, 1, NULL, NULL, NULL),
	(44, 5, 'Properties Wanted', NULL, NULL, 'house_lands.properties_wanted_agent_other.create', NULL, NULL, NULL, NULL, 1, NULL, NULL, NULL),
	(45, 5, 'Agent Services', NULL, NULL, 'house_lands.properties_wanted_agent_other.create', NULL, NULL, NULL, NULL, 1, NULL, NULL, NULL),
	(46, 5, 'Others', NULL, NULL, 'house_lands.properties_wanted_agent_other.create', NULL, NULL, NULL, NULL, 1, NULL, NULL, NULL),
	(47, 6, 'Accounting', NULL, NULL, 'jobs.create', NULL, NULL, NULL, NULL, 1, NULL, NULL, NULL),
	(48, 6, 'Administration', NULL, NULL, 'jobs.create', NULL, NULL, NULL, NULL, 1, NULL, NULL, NULL),
	(49, 6, 'Assistant/Secretary', NULL, NULL, 'jobs.create', NULL, NULL, NULL, NULL, 1, NULL, NULL, NULL),
	(50, 6, 'Audit/Taxation', NULL, NULL, 'jobs.create', NULL, NULL, NULL, NULL, 1, NULL, NULL, NULL),
	(51, 6, 'Banking/Insurance', NULL, NULL, 'jobs.create', NULL, NULL, NULL, NULL, 1, NULL, NULL, NULL),
	(52, 6, 'Cashier/Receptionist', NULL, NULL, 'jobs.create', NULL, NULL, NULL, NULL, 1, NULL, NULL, NULL),
	(53, 6, 'Catering/Restaurant', NULL, NULL, 'jobs.create', NULL, NULL, NULL, NULL, 1, NULL, NULL, NULL),
	(54, 6, 'Cleaner/Maid', NULL, NULL, 'jobs.create', NULL, NULL, NULL, NULL, 1, NULL, NULL, NULL),
	(55, 6, 'Consultancy', NULL, NULL, 'jobs.create', NULL, NULL, NULL, NULL, 1, NULL, NULL, NULL),
	(56, 6, 'Customer Service', NULL, NULL, 'jobs.create', NULL, NULL, NULL, NULL, 1, NULL, NULL, NULL),
	(57, 6, 'Design', NULL, NULL, 'jobs.create', NULL, NULL, NULL, NULL, 1, NULL, NULL, NULL),
	(58, 6, 'Education/Training', NULL, NULL, 'jobs.create', NULL, NULL, NULL, NULL, 1, NULL, NULL, NULL),
	(59, 6, 'Finance', NULL, NULL, 'jobs.create', NULL, NULL, NULL, NULL, 1, NULL, NULL, NULL),
	(60, 6, 'Freight/Shipping /Delivery/Warehouse', NULL, NULL, 'jobs.create', NULL, NULL, NULL, NULL, 1, NULL, NULL, NULL),
	(61, 6, 'Hotel/Hospitality', NULL, NULL, 'jobs.create', NULL, NULL, NULL, NULL, 1, NULL, NULL, NULL),
	(62, 6, 'Human Resource', NULL, NULL, 'jobs.create', NULL, NULL, NULL, NULL, 1, NULL, NULL, NULL),
	(63, 6, 'Information Technology', NULL, NULL, 'jobs.create', NULL, NULL, NULL, NULL, 1, NULL, NULL, NULL),
	(64, 6, 'Lawyer/Legal Service', NULL, NULL, 'jobs.create', NULL, NULL, NULL, NULL, 1, NULL, NULL, NULL),
	(65, 6, 'Management', NULL, NULL, 'jobs.create', NULL, NULL, NULL, NULL, 1, NULL, NULL, NULL),
	(66, 6, 'Manufacturing', NULL, NULL, 'jobs.create', NULL, NULL, NULL, NULL, 1, NULL, NULL, NULL),
	(67, 6, 'Marketing', NULL, NULL, 'jobs.create', NULL, NULL, NULL, NULL, 1, NULL, NULL, NULL),
	(68, 6, 'Media/Advertising', NULL, NULL, 'jobs.create', NULL, NULL, NULL, NULL, 1, NULL, NULL, NULL),
	(69, 6, 'Medical/Health/Nursing', NULL, NULL, 'jobs.create', NULL, NULL, NULL, NULL, 1, NULL, NULL, NULL),
	(70, 6, 'Merchandising/Purchasing', NULL, NULL, 'jobs.create', NULL, NULL, NULL, NULL, 1, NULL, NULL, NULL),
	(71, 6, 'Operations', NULL, NULL, 'jobs.create', NULL, NULL, NULL, NULL, 1, NULL, NULL, NULL),
	(72, 6, 'Project Management', NULL, NULL, 'jobs.create', NULL, NULL, NULL, NULL, 1, NULL, NULL, NULL),
	(73, 6, 'Quality Control', NULL, NULL, 'jobs.create', NULL, NULL, NULL, NULL, 1, NULL, NULL, NULL),
	(74, 6, 'Resort/Casino', NULL, NULL, 'jobs.create', NULL, NULL, NULL, NULL, 1, NULL, NULL, NULL),
	(75, 6, 'Sales', NULL, NULL, 'jobs.create', NULL, NULL, NULL, NULL, 1, NULL, NULL, NULL),
	(76, 6, 'Security/Driver', NULL, NULL, 'jobs.create', NULL, NULL, NULL, NULL, 1, NULL, NULL, NULL),
	(77, 6, 'Technician', NULL, NULL, 'jobs.create', NULL, NULL, NULL, NULL, 1, NULL, NULL, NULL),
	(78, 6, 'Telecommunication', NULL, NULL, 'jobs.create', NULL, NULL, NULL, NULL, 1, NULL, NULL, NULL),
	(79, 6, 'Translation/Interpretation', NULL, NULL, 'jobs.create', NULL, NULL, NULL, NULL, 1, NULL, NULL, NULL),
	(80, 6, 'Travel Agent/Ticket Sales', NULL, NULL, 'jobs.create', NULL, NULL, NULL, NULL, 1, NULL, NULL, NULL),
	(81, 6, 'Others', NULL, NULL, 'jobs.create', NULL, NULL, NULL, NULL, 1, NULL, NULL, NULL),
	(82, 7, 'Accounting', NULL, NULL, 'services.create', NULL, NULL, NULL, NULL, 1, NULL, NULL, NULL),
	(83, 7, 'Automotive', NULL, NULL, 'services.create', NULL, NULL, NULL, NULL, 1, NULL, NULL, NULL),
	(84, 7, 'Advertising & Media', NULL, NULL, 'services.create', NULL, NULL, NULL, NULL, 1, NULL, NULL, NULL),
	(85, 7, 'Bridal Services', NULL, NULL, 'services.create', NULL, NULL, NULL, NULL, 1, NULL, NULL, NULL),
	(86, 7, 'Cleaning & Maid Services', NULL, NULL, 'services.create', NULL, NULL, NULL, NULL, 1, NULL, NULL, NULL),
	(87, 7, 'Construction, Arch. & Interiors', NULL, NULL, 'services.create', NULL, NULL, NULL, NULL, 1, NULL, NULL, NULL),
	(88, 7, 'Education & Training', NULL, NULL, 'services.create', NULL, NULL, NULL, NULL, 1, NULL, NULL, NULL),
	(89, 7, 'Engineering', NULL, NULL, 'services.create', NULL, NULL, NULL, NULL, 1, NULL, NULL, NULL),
	(90, 7, 'Insurance', NULL, NULL, 'services.create', NULL, NULL, NULL, NULL, 1, NULL, NULL, NULL),
	(91, 7, 'Massage & Spa', NULL, NULL, 'services.create', NULL, NULL, NULL, NULL, 1, NULL, NULL, NULL),
	(92, 7, 'Hospitality, Travel & Tourism', NULL, NULL, 'services.create', NULL, NULL, NULL, NULL, 1, NULL, NULL, NULL),
	(93, 7, 'Health, Medical & Pharma', NULL, NULL, 'services.create', NULL, NULL, NULL, NULL, 1, NULL, NULL, NULL),
	(94, 7, 'IT & Telecom', NULL, NULL, 'services.create', NULL, NULL, NULL, NULL, 1, NULL, NULL, NULL),
	(95, 7, 'Interior Design & Renovation', NULL, NULL, 'services.create', NULL, NULL, NULL, NULL, 1, NULL, NULL, NULL),
	(96, 7, 'Legal', NULL, NULL, 'services.create', NULL, NULL, NULL, NULL, 1, NULL, NULL, NULL),
	(97, 7, 'Movers & Logistics', NULL, NULL, 'services.create', NULL, NULL, NULL, NULL, 1, NULL, NULL, NULL),
	(98, 7, 'Plumbing & Electrical', NULL, NULL, 'services.create', NULL, NULL, NULL, NULL, 1, NULL, NULL, NULL),
	(99, 7, 'Property & Real Estate', NULL, NULL, 'services.create', NULL, NULL, NULL, NULL, 1, NULL, NULL, NULL),
	(100, 7, 'Science', NULL, NULL, 'services.create', NULL, NULL, NULL, NULL, 1, NULL, NULL, NULL),
	(101, 7, 'Supply Chain & Logistics', NULL, NULL, 'services.create', NULL, NULL, NULL, NULL, 1, NULL, NULL, NULL),
	(102, 7, 'Printing & Publishing', NULL, NULL, 'services.create', NULL, NULL, NULL, NULL, 1, NULL, NULL, NULL),
	(103, 7, 'Other Services', NULL, NULL, 'services.create', NULL, NULL, NULL, NULL, 1, NULL, NULL, NULL),
	(104, 8, 'Jewelry, watches', NULL, NULL, 'fashion_beauty.jewelry_watches.create', NULL, NULL, NULL, NULL, 1, NULL, NULL, NULL),
	(105, 8, 'Clothing, accessories', NULL, NULL, 'fashion_beauty.clothing_accessories.create', NULL, NULL, NULL, NULL, 1, NULL, NULL, NULL),
	(106, 8, 'Beauty & Healthcare', NULL, NULL, 'fashion_beauty.beauty_healthcare.create', NULL, NULL, NULL, NULL, 1, NULL, NULL, NULL),
	(107, 9, 'CDS, DVDS, VHS', NULL, NULL, 'book_sport_hobbies.create', NULL, NULL, NULL, NULL, 1, NULL, NULL, NULL),
	(108, 9, 'Books', NULL, NULL, 'book_sport_hobbies.create', NULL, NULL, NULL, NULL, 1, NULL, NULL, NULL),
	(109, 9, 'Sports Equipment', NULL, NULL, 'book_sport_hobbies.create', NULL, NULL, NULL, NULL, 1, NULL, NULL, NULL),
	(110, 9, 'Others', NULL, NULL, 'book_sport_hobbies.create', NULL, NULL, NULL, NULL, 1, NULL, NULL, NULL),
	(111, 10, 'Household Items', NULL, NULL, 'furniture_decos.create', NULL, NULL, NULL, NULL, 1, NULL, NULL, NULL),
	(112, 10, 'Office Furniture', NULL, NULL, 'furniture_decos.create', NULL, NULL, NULL, NULL, 1, NULL, NULL, NULL),
	(113, 10, 'Home Furniture', NULL, NULL, 'furniture_decos.create', NULL, NULL, NULL, NULL, 1, NULL, NULL, NULL),
	(114, 10, 'Kitchenware', NULL, NULL, 'furniture_decos.create', NULL, NULL, NULL, NULL, 1, NULL, NULL, NULL),
	(115, 10, 'Handicrafts Paintings', NULL, NULL, 'furniture_decos.create', NULL, NULL, NULL, NULL, 1, NULL, NULL, NULL),
	(116, 11, 'Dogs', NULL, NULL, 'pets.create', NULL, NULL, NULL, NULL, 1, NULL, NULL, NULL),
	(117, 11, 'Cats', NULL, NULL, 'pets.create', NULL, NULL, NULL, NULL, 1, NULL, NULL, NULL),
	(118, 11, 'Birds', NULL, NULL, 'pets.create', NULL, NULL, NULL, NULL, 1, NULL, NULL, NULL),
	(119, 11, 'Fish', NULL, NULL, 'pets.create', NULL, NULL, NULL, NULL, 1, NULL, NULL, NULL),
	(120, 11, 'Pet Food', NULL, NULL, 'pets.create', NULL, NULL, NULL, NULL, 1, NULL, NULL, NULL),
	(121, 11, 'Pet Accessories', NULL, NULL, 'pets.create', NULL, NULL, NULL, NULL, 1, NULL, NULL, NULL),
	(122, 11, 'Other', NULL, NULL, 'pets.create', NULL, NULL, NULL, NULL, 1, NULL, NULL, NULL),
	(123, 12, 'Meat', NULL, NULL, 'foods.create', NULL, NULL, NULL, NULL, 1, NULL, NULL, NULL),
	(124, 12, 'Seafood', NULL, NULL, 'foods.create', NULL, NULL, NULL, NULL, 1, NULL, NULL, NULL),
	(125, 12, 'Fruits', NULL, NULL, 'foods.create', NULL, NULL, NULL, NULL, 1, NULL, NULL, NULL),
	(126, 12, 'Vegetables', NULL, NULL, 'foods.create', NULL, NULL, NULL, NULL, 1, NULL, NULL, NULL),
	(127, 12, 'Beverages', NULL, NULL, 'foods.create', NULL, NULL, NULL, NULL, 1, NULL, NULL, NULL),
	(128, 12, 'Grocery', NULL, NULL, 'foods.create', NULL, NULL, NULL, NULL, 1, NULL, NULL, NULL),
	(129, 12, 'Bread & Bakery', NULL, NULL, 'foods.create', NULL, NULL, NULL, NULL, 1, NULL, NULL, NULL),
	(130, 12, 'Beer & Wine', NULL, NULL, 'foods.create', NULL, NULL, NULL, NULL, 1, NULL, NULL, NULL),
	(131, 12, 'Rice & Cereal', NULL, NULL, 'foods.create', NULL, NULL, NULL, NULL, 1, NULL, NULL, NULL),
	(132, 12, 'Other', NULL, NULL, 'foods.create', NULL, NULL, NULL, NULL, 1, NULL, NULL, NULL);
/*!40000 ALTER TABLE `categories` ENABLE KEYS */;

-- Dumping structure for table hakkimsorn.edu.communes
DROP TABLE IF EXISTS `communes`;
CREATE TABLE IF NOT EXISTS `communes` (
  `id` int(10) unsigned NOT NULL AUTO_INCREMENT,
  `district_id` int(11) NOT NULL,
  `name_en` varchar(191) COLLATE utf8mb4_unicode_ci NOT NULL,
  `name_kh` varchar(191) COLLATE utf8mb4_unicode_ci NOT NULL,
  `created_at` timestamp NULL DEFAULT NULL,
  `updated_at` timestamp NULL DEFAULT NULL,
  PRIMARY KEY (`id`)
) ENGINE=MyISAM AUTO_INCREMENT=187 DEFAULT CHARSET=utf8mb4 COLLATE=utf8mb4_unicode_ci;

-- Dumping data for table hakkimsorn.edu.communes: 186 rows
/*!40000 ALTER TABLE `communes` DISABLE KEYS */;
INSERT INTO `communes` (`id`, `district_id`, `name_en`, `name_kh`, `created_at`, `updated_at`) VALUES
	(1, 1, 'Svay Pak', '', NULL, NULL),
	(2, 1, 'Russey Keo', '', NULL, NULL),
	(3, 1, 'Toul Sangke', '', NULL, NULL),
	(4, 1, 'Kilometr Lek 6', '', NULL, NULL),
	(5, 1, 'Chrang Chamreh 1', '', NULL, NULL),
	(6, 1, 'Chrang Chamreh 2', '', NULL, NULL),
	(7, 2, 'Krang Thnong', '', NULL, NULL),
	(8, 2, 'Khmuonh', '', NULL, NULL),
	(9, 2, 'Phnom Penh Thmei', '', NULL, NULL),
	(10, 2, 'Tuek Thla', '', NULL, NULL),
	(11, 2, 'Obek Kaom', '', NULL, NULL),
	(12, 3, 'Ovlaok', '', NULL, NULL),
	(13, 3, 'Kamboul', '', NULL, NULL),
	(14, 3, 'Kantaok', '', NULL, NULL),
	(15, 3, 'Boeng Thum', '', NULL, NULL),
	(16, 3, 'Phleung Chheh Roteh', '', NULL, NULL),
	(17, 3, 'Chaom Chau', '', NULL, NULL),
	(18, 3, 'Trapeang Krasang', '', NULL, NULL),
	(19, 3, 'Kakab', '', NULL, NULL),
	(20, 3, 'Samraong Kraom', '', NULL, NULL),
	(21, 3, 'Snaor', '', NULL, NULL),
	(22, 4, 'Bak Kheng', '', NULL, NULL),
	(23, 4, 'Praek Leab', '', NULL, NULL),
	(24, 4, 'Praek Ta Sek', '', NULL, NULL),
	(25, 4, 'Chrouy Changvar', '', NULL, NULL),
	(26, 4, 'Kaoh Dach', '', NULL, NULL),
	(27, 5, 'Ponsang', '', NULL, NULL),
	(28, 5, 'Kouk Roka', '', NULL, NULL),
	(29, 5, 'Ponhea Pon', '', NULL, NULL),
	(30, 5, 'Samraong', '', NULL, NULL),
	(31, 5, 'Praek Phnov', '', NULL, NULL),
	(32, 6, 'Veal Sbov', '', NULL, NULL),
	(33, 6, 'Praek Aeng', '', NULL, NULL),
	(34, 6, 'Chbar Ampov 1', '', NULL, NULL),
	(35, 6, 'Chbar Ampov 2', '', NULL, NULL),
	(36, 6, 'Nirouth', '', NULL, NULL),
	(37, 6, 'Praek Pra', '', NULL, NULL),
	(38, 6, 'Praek Thmei', '', NULL, NULL),
	(39, 6, 'Kbal Kaoh', '', NULL, NULL),
	(40, 7, 'Psar Thmei1', '', NULL, NULL),
	(41, 7, 'Psar Thmei2', '', NULL, NULL),
	(42, 7, 'Psar Thmei3', '', NULL, NULL),
	(43, 7, 'Boeung Reang', '', NULL, NULL),
	(44, 7, 'Psar Kandal1', '', NULL, NULL),
	(45, 7, 'Psar Kandal2', '', NULL, NULL),
	(46, 7, 'Chaktomukh', '', NULL, NULL),
	(47, 7, 'Chey Chumneah', '', NULL, NULL),
	(48, 7, 'Psar Chas', '', NULL, NULL),
	(49, 7, 'Srah Chork', '', NULL, NULL),
	(50, 7, 'Vat Phnum', '', NULL, NULL),
	(51, 8, 'O Reussei 1', '', NULL, NULL),
	(52, 8, 'O Reussei 2', '', NULL, NULL),
	(53, 8, 'O Reussei 3', '', NULL, NULL),
	(54, 8, 'O Reussei 4', '', NULL, NULL),
	(55, 8, 'Monorom', '', NULL, NULL),
	(56, 8, 'Mittapheap', '', NULL, NULL),
	(57, 8, 'Vealvong', '', NULL, NULL),
	(58, 8, 'Beung Prolit', '', NULL, NULL),
	(59, 9, 'Psar Depot1', '', NULL, NULL),
	(60, 9, 'Psar Depot2', '', NULL, NULL),
	(61, 9, 'Psar Depot3', '', NULL, NULL),
	(62, 9, 'Teuk Laork1', '', NULL, NULL),
	(63, 9, 'Teuk Laork2', '', NULL, NULL),
	(64, 9, 'Teuk Laork3', '', NULL, NULL),
	(65, 9, 'Beung Kok1', '', NULL, NULL),
	(66, 9, 'Beung Kok2', '', NULL, NULL),
	(67, 9, 'Psar Deumkor', '', NULL, NULL),
	(68, 9, 'Beung Salang', '', NULL, NULL),
	(69, 10, 'Dangkor', '', NULL, NULL),
	(70, 10, 'Prey Sa', '', NULL, NULL),
	(71, 10, 'Cheung Aek', '', NULL, NULL),
	(72, 10, 'Spean Thma', '', NULL, NULL),
	(73, 10, 'Prey Vaeng', '', NULL, NULL),
	(74, 10, 'Pong Tuek', '', NULL, NULL),
	(75, 10, 'Prateah Lang', '', NULL, NULL),
	(76, 10, 'Sak Sampov', '', NULL, NULL),
	(77, 10, 'Krang Pongro', '', NULL, NULL),
	(78, 10, 'Kong Noy', '', NULL, NULL),
	(79, 10, 'Tien', '', NULL, NULL),
	(80, 10, 'Praek Kampues', '', NULL, NULL),
	(81, 11, 'Stung Meanchey', '', NULL, NULL),
	(82, 11, 'Boeng Tompun', '', NULL, NULL),
	(83, 11, 'Chak Angrae Leu', '', NULL, NULL),
	(84, 11, 'Chak Angrae Kroam', '', NULL, NULL),
	(85, 12, 'Tonle Bassac', '', NULL, NULL),
	(86, 12, 'Beung Kengkang1', '', NULL, NULL),
	(87, 12, 'Beung Kengkang2', '', NULL, NULL),
	(88, 12, 'Beung Kengkang3', '', NULL, NULL),
	(89, 12, 'Olympic', '', NULL, NULL),
	(90, 12, 'Toul Svayprey1', '', NULL, NULL),
	(91, 12, 'Toul Svayprey2', '', NULL, NULL),
	(92, 12, 'Tomnub Teuk', '', NULL, NULL),
	(93, 12, 'Toul Tompung1', '', NULL, NULL),
	(94, 12, 'Toul Tompung2', '', NULL, NULL),
	(95, 12, 'Beung Trabaek', '', NULL, NULL),
	(96, 12, 'Psar Deumtkov', '', NULL, NULL),
	(97, 13, 'Sangkat 1', '', NULL, NULL),
	(98, 13, 'Sangkat 2', '', NULL, NULL),
	(99, 13, 'Sangkat 3', '', NULL, NULL),
	(100, 13, 'Sangkat 4', '', NULL, NULL),
	(101, 13, 'Koh Rong', '', NULL, NULL),
	(102, 14, 'Andong Thmar', '', NULL, NULL),
	(103, 14, 'Beung Taprum', '', NULL, NULL),
	(104, 14, 'Bet Trang', '', NULL, NULL),
	(105, 14, 'Cheung Koar', '', NULL, NULL),
	(106, 14, 'Ou Chrov', '', NULL, NULL),
	(107, 14, 'Ou Oknha Heng', '', NULL, NULL),
	(108, 14, 'Prey Nob', '', NULL, NULL),
	(109, 14, 'Ream', '', NULL, NULL),
	(110, 14, 'Sammaki', '', NULL, NULL),
	(111, 14, 'Somrong', '', NULL, NULL),
	(112, 14, 'Teuk Laork', '', NULL, NULL),
	(113, 14, 'Teuk Tla', '', NULL, NULL),
	(114, 14, 'Toul Toteung', '', NULL, NULL),
	(115, 14, 'Veal Rinh', '', NULL, NULL),
	(116, 15, 'Kompenh', '', NULL, NULL),
	(117, 15, 'Ou Treh', '', NULL, NULL),
	(118, 15, 'Tomnob Rolork', '', NULL, NULL),
	(119, 15, 'Keo Phos', '', NULL, NULL),
	(120, 16, 'Chomkar Loung', '', NULL, NULL),
	(121, 16, 'Kampong Seila', '', NULL, NULL),
	(122, 16, 'Ou Bak Roteh', '', NULL, NULL),
	(123, 16, 'Steung Chhay', '', NULL, NULL),
	(124, 17, 'Boeng Kok', '', NULL, NULL),
	(125, 17, 'Kampong Cham', '', NULL, NULL),
	(126, 17, 'Sambuor Meas', '', NULL, NULL),
	(127, 17, 'Veal Vong', '', NULL, NULL),
	(128, 18, 'Ampil', '', NULL, NULL),
	(129, 18, 'Hann Chey', '', NULL, NULL),
	(130, 18, 'Kien Chrey', '', NULL, NULL),
	(131, 18, 'Kokor', '', NULL, NULL),
	(132, 18, 'Kaoh Mitt', '', NULL, NULL),
	(133, 18, 'Kaoh Roka', '', NULL, NULL),
	(134, 18, 'Kaoh Samraong', '', NULL, NULL),
	(135, 18, 'Kaoh Tontuem', '', NULL, NULL),
	(136, 18, 'Krala', '', NULL, NULL),
	(137, 18, 'Ou Svay', '', NULL, NULL),
	(138, 18, 'Ro any', '', NULL, NULL),
	(139, 18, 'Rumchek', '', NULL, NULL),
	(140, 18, 'Srak', '', NULL, NULL),
	(141, 18, 'Trean', '', NULL, NULL),
	(142, 18, 'Vihear Thum', '', NULL, NULL),
	(143, 19, 'Angkor Ban', '', NULL, NULL),
	(144, 19, 'Kong Taneung', '', NULL, NULL),
	(145, 19, 'Khchau', '', NULL, NULL),
	(146, 19, 'Peam Chikong', '', NULL, NULL),
	(147, 19, 'Prek Koy', '', NULL, NULL),
	(148, 19, 'Prek Krabau', '', NULL, NULL),
	(149, 19, 'Reay Pay', '', NULL, NULL),
	(150, 19, 'Roka-a', '', NULL, NULL),
	(151, 19, 'Roka-koy', '', NULL, NULL),
	(152, 19, 'Sdau', '', NULL, NULL),
	(153, 19, 'Sor Korng', '', NULL, NULL),
	(154, 20, 'Kampong Reab', '', NULL, NULL),
	(155, 20, 'Koh Sotin', '', NULL, NULL),
	(156, 20, 'Tve', '', NULL, NULL),
	(157, 20, 'Mohaleap', '', NULL, NULL),
	(158, 20, 'Moha Knhoung', '', NULL, NULL),
	(159, 20, 'Peam Brothnous', '', NULL, NULL),
	(160, 20, 'Pongro', '', NULL, NULL),
	(161, 20, 'Prek Tanung', '', NULL, NULL),
	(162, 21, 'Baray', '', NULL, NULL),
	(163, 21, 'Beung Nay', '', NULL, NULL),
	(164, 21, 'Chrey Vean', '', NULL, NULL),
	(165, 21, 'Mean', '', NULL, NULL),
	(166, 21, 'Trapeang Preah', '', NULL, NULL),
	(167, 21, 'Khvet Thum', '', NULL, NULL),
	(168, 21, 'Kor', '', NULL, NULL),
	(169, 21, 'Krouch', '', NULL, NULL),
	(170, 21, 'Lvea', '', NULL, NULL),
	(171, 21, 'Prey Chor', '', NULL, NULL),
	(172, 21, 'Sor Sen', '', NULL, NULL),
	(173, 21, 'Somrorng', '', NULL, NULL),
	(174, 21, 'Sro Ngae', '', NULL, NULL),
	(175, 21, 'Thma Poun', '', NULL, NULL),
	(176, 21, 'Tong Rong', '', NULL, NULL),
	(177, 27, 'Char Chhouk', '', NULL, NULL),
	(178, 27, 'Daun Peng', '', NULL, NULL),
	(179, 28, 'Chub Tatrav', '', NULL, NULL),
	(180, 28, 'Leang Dai', '', NULL, NULL),
	(181, 29, 'Khnar Sanday', '', NULL, NULL),
	(182, 29, 'Khun Ream', '', NULL, NULL),
	(183, 30, 'Anlong Samnor', '', NULL, NULL),
	(184, 30, 'Chi Kraeng', '', NULL, NULL),
	(185, 31, 'Chonleas Dai', '', NULL, NULL),
	(186, 31, 'Kampong Thkov', '', NULL, NULL);
/*!40000 ALTER TABLE `communes` ENABLE KEYS */;

-- Dumping structure for table hakkimsorn.edu.districts
DROP TABLE IF EXISTS `districts`;
CREATE TABLE IF NOT EXISTS `districts` (
  `id` int(10) unsigned NOT NULL AUTO_INCREMENT,
  `province_id` int(11) NOT NULL,
  `name_en` varchar(191) COLLATE utf8mb4_unicode_ci NOT NULL,
  `name_kh` varchar(191) COLLATE utf8mb4_unicode_ci NOT NULL,
  `created_at` timestamp NULL DEFAULT NULL,
  `updated_at` timestamp NULL DEFAULT NULL,
  PRIMARY KEY (`id`)
) ENGINE=MyISAM AUTO_INCREMENT=198 DEFAULT CHARSET=utf8mb4 COLLATE=utf8mb4_unicode_ci;

-- Dumping data for table hakkimsorn.edu.districts: 197 rows
/*!40000 ALTER TABLE `districts` DISABLE KEYS */;
INSERT INTO `districts` (`id`, `province_id`, `name_en`, `name_kh`, `created_at`, `updated_at`) VALUES
	(1, 1, 'Ruessei Kaev', 'ឫស្សីកែវ', NULL, NULL),
	(2, 1, 'Saensokh', 'សែនសុខ', NULL, NULL),
	(3, 1, 'Por Senchey', 'ពោធិសែនជ័យ', NULL, NULL),
	(4, 1, 'Chrouy Changva', 'ជ្រោយចង្វារ', NULL, NULL),
	(5, 1, 'Preaek Pnov', 'ព្រែកភ្នៅ', NULL, NULL),
	(6, 1, 'Chbar Ampov', 'ច្បារអំពៅ', NULL, NULL),
	(7, 1, 'Doun Penh', 'ដូនពេញ', NULL, NULL),
	(8, 1, 'Prampir Meakkara', '៧មករា', NULL, NULL),
	(9, 1, 'Toul Kouk', 'ទួលគោក', NULL, NULL),
	(10, 1, 'Dangkao', 'ដង្កោ', NULL, NULL),
	(11, 1, 'Mean Chey', 'មានជ័យ', NULL, NULL),
	(12, 1, 'Chamkar Mon', 'ចំការមន', NULL, NULL),
	(13, 2, 'Krong Preah Sihanouk', 'ព្រះសីហនុ', NULL, NULL),
	(14, 2, 'Prey Nob', 'ព្រៃនប់', NULL, NULL),
	(15, 2, 'Stueng Hav Chey', 'ស្ទឹងហាវ', NULL, NULL),
	(16, 2, 'Kompong Seila', 'កំពង់សីលា', NULL, NULL),
	(17, 3, 'Krong Kampong Cham', 'កំពង់ចាម', NULL, NULL),
	(18, 3, 'Kampong Siem', 'កំពង់សៀម', NULL, NULL),
	(19, 3, 'KangMeas', 'កងមាស', NULL, NULL),
	(20, 3, 'Kaoh Soutin', 'កោះសុទិន', NULL, NULL),
	(21, 3, 'Prey Chhor', 'ព្រៃឈរ', NULL, NULL),
	(22, 3, 'Srei Santhor', 'ស្រីសន្ធរ', NULL, NULL),
	(23, 3, 'Stueng Trang', 'ស្ទឹងត្រង់', NULL, NULL),
	(24, 3, 'Batheay', 'បាធាយ', NULL, NULL),
	(25, 3, 'Chamkar Leu', 'ចំការលើ', NULL, NULL),
	(26, 3, 'Cheung Prey', 'ជើងព្រៃ', NULL, NULL),
	(27, 4, 'Angkor Chum', 'អង្គរជុំ', NULL, NULL),
	(28, 4, 'Angkor Thom', 'អង្គរធំ', NULL, NULL),
	(29, 4, 'Banteay Srey', 'បន្ទាយស្រី', NULL, NULL),
	(30, 4, 'Chi Kraeng', 'ជីក្រែង', NULL, NULL),
	(31, 4, 'Kralanh', 'ក្រឡាញ់', NULL, NULL),
	(32, 4, 'Pouk', 'ពួក', NULL, NULL),
	(33, 4, 'Prasat Bakong', 'ប្រាសាទបាគង', NULL, NULL),
	(34, 4, 'Krong Siem Reap', 'ក្រុងសៀមរាប', NULL, NULL),
	(35, 4, 'Soutr Nikum', 'សុទ្រនិគមន៍', NULL, NULL),
	(36, 4, 'Srei Snam', 'ស្រីស្នំ', NULL, NULL),
	(37, 4, 'Svay Leu', 'ស្វាយលើ', NULL, NULL),
	(38, 4, 'Varin', 'វ៉ារិន', NULL, NULL),
	(39, 5, 'Banan', 'បាណន់', NULL, NULL),
	(40, 5, 'Thma Koul', 'ថ្មរគោល', NULL, NULL),
	(41, 5, 'Krong Battambang', 'ក្រុងបាត់ដំបង', NULL, NULL),
	(42, 5, 'Bavel', 'បវេល', NULL, NULL),
	(43, 5, 'Aek Phnum', 'ឯកភ្នំ', NULL, NULL),
	(44, 5, 'Moung Ruessei', 'មោង រស្សី', NULL, NULL),
	(45, 5, 'Rotonak Mondol', 'រតនាមណ្ឌល', NULL, NULL),
	(46, 5, 'Sangkae', 'សង្កៃរ', NULL, NULL),
	(47, 5, 'Samlout', 'សំឡូត', NULL, NULL),
	(48, 5, 'Sampov Lun', 'សំពៅលូន', NULL, NULL),
	(49, 5, 'Phnom Proek', 'ភ្នំព្រឹក', NULL, NULL),
	(50, 5, 'Kamrieng', 'កំរៀង', NULL, NULL),
	(51, 5, 'Koas Krala', 'គាស់ក្រឡ', NULL, NULL),
	(52, 5, 'Rukhak Kiri', 'រុក្ខគីរី', NULL, NULL),
	(53, 6, 'Kandal Stueng', '', NULL, NULL),
	(54, 6, 'Koh Thum', '', NULL, NULL),
	(55, 6, 'Mukh Kamphool', '', NULL, NULL),
	(56, 6, 'Sa Ang', '', NULL, NULL),
	(57, 6, 'Leuk Daek', '', NULL, NULL),
	(58, 6, 'Krong Ta Khmau', '', NULL, NULL),
	(59, 6, 'Kien Svay', '', NULL, NULL),
	(60, 6, 'Ponhea Leu', '', NULL, NULL),
	(61, 6, 'Lvea Aem', '', NULL, NULL),
	(62, 6, 'Khsach Kandal', '', NULL, NULL),
	(63, 7, 'Mongkol Borei', '', NULL, NULL),
	(64, 7, 'Preah Netr Preah', '', NULL, NULL),
	(65, 7, 'Serei Saophoan', '', NULL, NULL),
	(66, 7, 'Svay Chek', '', NULL, NULL),
	(67, 7, 'Ou Chrov', '', NULL, NULL),
	(68, 7, 'Thma Puok', '', NULL, NULL),
	(69, 7, 'Malai', '', NULL, NULL),
	(70, 7, 'Ou Chrov', '', NULL, NULL),
	(71, 7, 'Phnum Srok', '', NULL, NULL),
	(72, 8, 'Baribour', '', NULL, NULL),
	(73, 8, 'Kampong Chhnang', '', NULL, NULL),
	(74, 8, 'Kampong Tralach', '', NULL, NULL),
	(75, 8, 'Sameakki', '', NULL, NULL),
	(76, 8, 'Kampong Leaeng', '', NULL, NULL),
	(77, 8, 'Chol Kiri', '', NULL, NULL),
	(78, 8, 'Rolea B\'ier', '', NULL, NULL),
	(79, 8, 'Tuek Phos', '', NULL, NULL),
	(80, 9, 'Basedth', '', NULL, NULL),
	(81, 9, 'Kong Pisei', '', NULL, NULL),
	(82, 9, 'Odongk', '', NULL, NULL),
	(83, 9, 'Samraong Tong', '', NULL, NULL),
	(84, 9, 'Aoral', '', NULL, NULL),
	(85, 9, 'Phnom Sruoch', '', NULL, NULL),
	(86, 9, 'Chbar Mon', '', NULL, NULL),
	(87, 9, 'Thpong', '', NULL, NULL),
	(88, 10, 'Baray', '', NULL, NULL),
	(89, 10, 'Stueng Saen', '', NULL, NULL),
	(90, 10, 'Sandaan', '', NULL, NULL),
	(91, 10, 'Stoung', '', NULL, NULL),
	(92, 10, 'Prasat Balangk', '', NULL, NULL),
	(93, 10, 'Santuk', '', NULL, NULL),
	(94, 10, 'Prasat Sambour', '', NULL, NULL),
	(95, 10, 'Kampong Svay', '', NULL, NULL),
	(96, 11, 'Angkor Chey', '', NULL, NULL),
	(97, 11, 'Chhuk', '', NULL, NULL),
	(98, 11, 'Dorng Tong', '', NULL, NULL),
	(99, 11, 'Teouk Chhou', '', NULL, NULL),
	(100, 11, 'Banteay Meas', '', NULL, NULL),
	(101, 11, 'Kampong Trach', '', NULL, NULL),
	(102, 11, 'Chum Kiri', '', NULL, NULL),
	(103, 11, 'Kampot', '', NULL, NULL),
	(104, 12, 'Krong Kep', '', NULL, NULL),
	(105, 12, 'Damnak Chang aeur', '', NULL, NULL),
	(106, 12, 'Krong Kep', '', NULL, NULL),
	(107, 13, 'Botum Sakor', '', NULL, NULL),
	(108, 13, 'Koh Kong', '', NULL, NULL),
	(109, 13, 'Mondol Seima', '', NULL, NULL),
	(110, 13, 'Thma Bang', '', NULL, NULL),
	(111, 13, 'Kiri Sakor', '', NULL, NULL),
	(112, 13, 'Khemara Phoumin', '', NULL, NULL),
	(113, 13, 'Srae Ambel', '', NULL, NULL),
	(114, 14, 'Chhlong', '', NULL, NULL),
	(115, 14, 'Chitr Borei', '', NULL, NULL),
	(116, 14, 'Krong Kratie', '', NULL, NULL),
	(117, 14, 'Sombo', '', NULL, NULL),
	(118, 14, 'Preaek Prasob', '', NULL, NULL),
	(119, 14, 'Snoul', '', NULL, NULL),
	(120, 15, 'Kaev Seima', '', NULL, NULL),
	(121, 15, 'Ou Reang', '', NULL, NULL),
	(122, 15, 'Krong Saen', '', NULL, NULL),
	(123, 15, 'Pech Chreada', '', NULL, NULL),
	(124, 15, 'Kaoh Nheaek', '', NULL, NULL),
	(125, 16, 'Anlong Veaeng', '', NULL, NULL),
	(126, 16, 'Banteay Ampil', '', NULL, NULL),
	(127, 16, 'Chong Kal', '', NULL, NULL),
	(128, 16, 'Krong Samraong', '', NULL, NULL),
	(129, 16, 'Trapeang Prasat', '', NULL, NULL),
	(130, 17, 'Krong Pailin', '', NULL, NULL),
	(131, 17, 'Sala Krau', '', NULL, NULL),
	(132, 17, 'Chong Kal', '', NULL, NULL),
	(133, 18, 'Chey Saen', '', NULL, NULL),
	(134, 18, 'Choam Khsant', '', NULL, NULL),
	(135, 18, 'Rovieng', '', NULL, NULL),
	(136, 18, 'Sangkom Thmei', '', NULL, NULL),
	(137, 18, 'Chhaeb', '', NULL, NULL),
	(138, 18, 'Kulen', '', NULL, NULL),
	(139, 18, 'Tbaeng Mean Chey', '', NULL, NULL),
	(140, 18, 'Krong Preah Vihear', '', NULL, NULL),
	(141, 19, 'Ba Phnum', '', NULL, NULL),
	(142, 19, 'Kanhchriech', '', NULL, NULL),
	(143, 19, 'Peam Ro', '', NULL, NULL),
	(144, 19, 'Preah Sdach', '', NULL, NULL),
	(145, 19, 'Me Sang', '', NULL, NULL),
	(146, 19, 'Pea Reang', '', NULL, NULL),
	(147, 19, 'Kamchay Mear', '', NULL, NULL),
	(148, 19, 'Prey Veaeng', '', NULL, NULL),
	(149, 19, 'Peam Chor', '', NULL, NULL),
	(150, 19, 'Kampong Trabaek', '', NULL, NULL),
	(151, 19, 'Por Reang', '', NULL, NULL),
	(152, 19, 'Svay Ontor', '', NULL, NULL),
	(153, 20, 'Bakan', '', NULL, NULL),
	(154, 20, 'Krakor', '', NULL, NULL),
	(155, 20, 'Krong Pursat', '', NULL, NULL),
	(156, 20, 'Kandieng', '', NULL, NULL),
	(157, 20, 'Phnum Kravanh', '', NULL, NULL),
	(158, 20, 'Veal Veaeng', '', NULL, NULL),
	(159, 21, 'Andoung Meas', '', NULL, NULL),
	(160, 21, 'Koun Mom', '', NULL, NULL),
	(161, 21, 'Ou Chum', '', NULL, NULL),
	(162, 21, 'Ta Veaeng', '', NULL, NULL),
	(163, 21, 'Krong Banlung', '', NULL, NULL),
	(164, 21, 'Lumphat', '', NULL, NULL),
	(165, 21, 'Ou Ya Dav', '', NULL, NULL),
	(166, 21, 'Bar Kaev', '', NULL, NULL),
	(167, 22, 'Sesan', '', NULL, NULL),
	(168, 22, 'Siem Bouk', '', NULL, NULL),
	(169, 22, 'Siem Pang', '', NULL, NULL),
	(170, 22, 'Thala Barivat', '', NULL, NULL),
	(171, 22, 'Krong Stung Treng', '', NULL, NULL),
	(172, 23, 'Chantrea', '', NULL, NULL),
	(173, 23, 'Rumduol', '', NULL, NULL),
	(174, 23, 'Svay Chrum', '', NULL, NULL),
	(175, 23, 'Svay Teab', '', NULL, NULL),
	(176, 23, 'Kampong Rou', '', NULL, NULL),
	(177, 23, 'Romeas Haek', '', NULL, NULL),
	(178, 23, 'Krong Bavet', '', NULL, NULL),
	(179, 23, 'Krong Svay Rieng', '', NULL, NULL),
	(180, 24, 'Angkor Borei', '', NULL, NULL),
	(181, 24, 'Kiri Vong', '', NULL, NULL),
	(182, 24, 'Samraong', '', NULL, NULL),
	(183, 24, 'Treang', '', NULL, NULL),
	(184, 24, 'Bati', '', NULL, NULL),
	(185, 24, 'Krong Doun Kaev', '', NULL, NULL),
	(186, 24, 'Kaoh Andaet', '', NULL, NULL),
	(187, 24, 'Krong Doun Kaev', '', NULL, NULL),
	(188, 24, 'Tram Kak', '', NULL, NULL),
	(189, 24, 'Prey Kabbas', '', NULL, NULL),
	(190, 24, 'Bourei Cholsar', '', NULL, NULL),
	(191, 25, 'Dombae', '', NULL, NULL),
	(192, 25, 'Memot', '', NULL, NULL),
	(193, 25, 'Ponhea Kraek', '', NULL, NULL),
	(194, 25, 'Krouch Chhma', '', NULL, NULL),
	(195, 25, 'Tboung Khmum', '', NULL, NULL),
	(196, 25, 'Ou Reang Ov', '', NULL, NULL),
	(197, 25, 'Krong Suong', '', NULL, NULL);
/*!40000 ALTER TABLE `districts` ENABLE KEYS */;

-- Dumping structure for table hakkimsorn.edu.migrations
DROP TABLE IF EXISTS `migrations`;
CREATE TABLE IF NOT EXISTS `migrations` (
  `id` int(10) unsigned NOT NULL AUTO_INCREMENT,
  `migration` varchar(191) COLLATE utf8mb4_unicode_ci NOT NULL,
  `batch` int(11) NOT NULL,
  PRIMARY KEY (`id`)
) ENGINE=MyISAM AUTO_INCREMENT=9 DEFAULT CHARSET=utf8mb4 COLLATE=utf8mb4_unicode_ci;

-- Dumping data for table hakkimsorn.edu.migrations: 8 rows
/*!40000 ALTER TABLE `migrations` DISABLE KEYS */;
INSERT INTO `migrations` (`id`, `migration`, `batch`) VALUES
	(1, '2014_10_12_000000_create_users_table', 1),
	(2, '2014_10_12_100000_create_password_resets_table', 1),
	(3, '2019_04_10_023959_create_properties_table', 1),
	(4, '2019_04_10_024114_create_property_galleries_table', 1),
	(5, '2019_04_10_042644_create_province_district_commune_tables', 1),
	(6, '2019_05_02_110924_create_admins_table', 1),
	(7, '2019_05_08_120215_create_phone_operators_table', 1),
	(8, '2019_05_10_020522_create_categories_table', 1);
/*!40000 ALTER TABLE `migrations` ENABLE KEYS */;

-- Dumping structure for table hakkimsorn.edu.password_resets
DROP TABLE IF EXISTS `password_resets`;
CREATE TABLE IF NOT EXISTS `password_resets` (
  `email` varchar(191) COLLATE utf8mb4_unicode_ci NOT NULL,
  `token` varchar(191) COLLATE utf8mb4_unicode_ci NOT NULL,
  `created_at` timestamp NULL DEFAULT NULL,
  KEY `password_resets_email_index` (`email`)
) ENGINE=MyISAM DEFAULT CHARSET=utf8mb4 COLLATE=utf8mb4_unicode_ci;

-- Dumping data for table hakkimsorn.edu.password_resets: 0 rows
/*!40000 ALTER TABLE `password_resets` DISABLE KEYS */;
/*!40000 ALTER TABLE `password_resets` ENABLE KEYS */;

-- Dumping structure for table hakkimsorn.edu.phone_operators
DROP TABLE IF EXISTS `phone_operators`;
CREATE TABLE IF NOT EXISTS `phone_operators` (
  `id` int(10) unsigned NOT NULL AUTO_INCREMENT,
  `cellcard` varchar(15) COLLATE utf8mb4_unicode_ci DEFAULT NULL,
  `smart` varchar(15) COLLATE utf8mb4_unicode_ci DEFAULT NULL,
  `metfone` varchar(15) COLLATE utf8mb4_unicode_ci DEFAULT NULL,
  `qb` varchar(15) COLLATE utf8mb4_unicode_ci DEFAULT NULL,
  `created_at` timestamp NULL DEFAULT NULL,
  `updated_at` timestamp NULL DEFAULT NULL,
  PRIMARY KEY (`id`)
) ENGINE=MyISAM AUTO_INCREMENT=14 DEFAULT CHARSET=utf8mb4 COLLATE=utf8mb4_unicode_ci;

-- Dumping data for table hakkimsorn.edu.phone_operators: 13 rows
/*!40000 ALTER TABLE `phone_operators` DISABLE KEYS */;
INSERT INTO `phone_operators` (`id`, `cellcard`, `smart`, `metfone`, `qb`, `created_at`, `updated_at`) VALUES
	(1, '011', '010', '031', '013', NULL, NULL),
	(2, '012', '015', '060', '080', NULL, NULL),
	(3, '014', '016', '066', '083', NULL, NULL),
	(4, '017', '069', '067', '084', NULL, NULL),
	(5, '061', '070', '068', '', NULL, NULL),
	(6, '077', '081', '071', '', NULL, NULL),
	(7, '078', '086', '088', '', NULL, NULL),
	(8, '079', '087', '090', '', NULL, NULL),
	(9, '085', '093', '097', '', NULL, NULL),
	(10, '089', '096', '', '', NULL, NULL),
	(11, '092', '098', '', '', NULL, NULL),
	(12, '095', '', '', '', NULL, NULL),
	(13, '099', '', '', '', NULL, NULL);
/*!40000 ALTER TABLE `phone_operators` ENABLE KEYS */;

-- Dumping structure for table hakkimsorn.edu.properties
DROP TABLE IF EXISTS `properties`;
CREATE TABLE IF NOT EXISTS `properties` (
  `id` int(10) unsigned NOT NULL AUTO_INCREMENT,
  `user_id` int(10) unsigned NOT NULL,
  `category_id` int(10) unsigned NOT NULL,
  `parent_id` int(10) unsigned NOT NULL,
  `title` varchar(250) COLLATE utf8mb4_unicode_ci NOT NULL,
  `slug` varchar(250) COLLATE utf8mb4_unicode_ci NOT NULL,
  `size` varchar(191) COLLATE utf8mb4_unicode_ci NOT NULL,
  `price` double(8,2) NOT NULL,
  `description` text COLLATE utf8mb4_unicode_ci,
  `name` varchar(191) COLLATE utf8mb4_unicode_ci NOT NULL,
  `phone1` varchar(191) COLLATE utf8mb4_unicode_ci NOT NULL,
  `phone2` varchar(191) COLLATE utf8mb4_unicode_ci DEFAULT NULL,
  `phone3` varchar(191) COLLATE utf8mb4_unicode_ci DEFAULT NULL,
  `email` varchar(191) COLLATE utf8mb4_unicode_ci DEFAULT NULL,
  `province_id` tinyint(4) NOT NULL,
  `district_id` int(11) NOT NULL,
  `commune_id` int(11) NOT NULL,
  `location` text COLLATE utf8mb4_unicode_ci,
  `deleted_at` timestamp NULL DEFAULT NULL,
  `status` tinyint(4) NOT NULL DEFAULT '1',
  `created_at` timestamp NULL DEFAULT NULL,
  `updated_at` timestamp NULL DEFAULT NULL,
  PRIMARY KEY (`id`)
) ENGINE=MyISAM AUTO_INCREMENT=4 DEFAULT CHARSET=utf8mb4 COLLATE=utf8mb4_unicode_ci;

-- Dumping data for table hakkimsorn.edu.properties: 3 rows
/*!40000 ALTER TABLE `properties` DISABLE KEYS */;
INSERT INTO `properties` (`id`, `user_id`, `category_id`, `parent_id`, `title`, `slug`, `size`, `price`, `description`, `name`, `phone1`, `phone2`, `phone3`, `email`, `province_id`, `district_id`, `commune_id`, `location`, `deleted_at`, `status`, `created_at`, `updated_at`) VALUES
	(1, 1, 5, 40, 'ដីឡូ សម្រាប់ជួល ឡូ ទី១', 'ដីឡូ-សម្រាប់ជួល-ឡូ-ទី១', '1500', 450.00, 'ដីសម្រាប់ជួលឡូទី១', 'Samnang Im', '070343143', '077343143', '060343143', 'sonita@gmail.com', 1, 27, 177, 'ដីសម្រាប់ជួលឡូទី១', NULL, 1, '2019-05-23 04:40:54', '2019-05-23 14:39:22'),
	(2, 1, 5, 40, 'ដី សម្រាប់ជួល ឡូទី២', 'ដី-សម្រាប់ជួល-ឡូទី២', '1050', 360.00, 'ដីសម្រាប់ជួលឡូទី២', 'sonita', '077579538', '093579538', NULL, 'sonita@gmail.com', 2, 29, 181, 'ដីសម្រាប់ជួលឡូទី២', NULL, 1, '2019-05-23 04:48:02', '2019-05-23 14:39:49'),
	(3, 1, 5, 40, 'ដីឡូ សម្រាប់ជួល ឡូទី៣', 'ដីឡូ-សម្រាប់ជួល-ឡូទី៣', '2500', 360.00, 'ដីឡូ សម្រាប់ជួល ឡូទី៣', 'House in Siemreap', '0885632541', NULL, NULL, 'user@gmail.com', 1, 4, 22, 'ដីឡូ សម្រាប់ជួល ឡូទី៣', NULL, 1, '2019-05-23 08:54:30', '2019-05-23 08:54:30');
/*!40000 ALTER TABLE `properties` ENABLE KEYS */;

-- Dumping structure for table hakkimsorn.edu.property_galleries
DROP TABLE IF EXISTS `property_galleries`;
CREATE TABLE IF NOT EXISTS `property_galleries` (
  `id` int(10) unsigned NOT NULL AUTO_INCREMENT,
  `property_id` int(10) unsigned NOT NULL,
  `gallery_image` varchar(191) COLLATE utf8mb4_unicode_ci DEFAULT NULL,
  `created_at` timestamp NULL DEFAULT NULL,
  `updated_at` timestamp NULL DEFAULT NULL,
  PRIMARY KEY (`id`)
) ENGINE=MyISAM AUTO_INCREMENT=19 DEFAULT CHARSET=utf8mb4 COLLATE=utf8mb4_unicode_ci;

-- Dumping data for table hakkimsorn.edu.property_galleries: 18 rows
/*!40000 ALTER TABLE `property_galleries` DISABLE KEYS */;
INSERT INTO `property_galleries` (`id`, `property_id`, `gallery_image`, `created_at`, `updated_at`) VALUES
	(1, 1, '1361179976.jpeg', '2019-05-23 04:40:54', '2019-05-23 04:40:54'),
	(2, 1, '1378464008.jpg', '2019-05-23 04:40:54', '2019-05-23 04:40:54'),
	(3, 1, '1870682423.jpg', '2019-05-23 04:40:54', '2019-05-23 04:40:54'),
	(4, 1, '1585367008.png', '2019-05-23 04:40:54', '2019-05-23 04:40:54'),
	(5, 1, '1854034846.JPG', '2019-05-23 04:40:54', '2019-05-23 04:40:54'),
	(6, 1, '596566239.jpg', '2019-05-23 04:40:54', '2019-05-23 04:40:54'),
	(7, 1, '1415216473.jpg', '2019-05-23 04:40:54', '2019-05-23 04:40:54'),
	(8, 1, '119914217.jpg', '2019-05-23 04:40:54', '2019-05-23 04:40:54'),
	(9, 2, '99692844.jpg', '2019-05-23 04:48:02', '2019-05-23 04:48:02'),
	(10, 2, '1589060870.jpg', '2019-05-23 04:48:02', '2019-05-23 04:48:02'),
	(11, 2, '251812751.jpg', '2019-05-23 04:48:02', '2019-05-23 04:48:02'),
	(12, 2, '2105353314.jpg', '2019-05-23 04:48:02', '2019-05-23 04:48:02'),
	(13, 2, '1327744893.jpg', '2019-05-23 04:48:02', '2019-05-23 04:48:02'),
	(14, 3, '1096598456.jpg', '2019-05-23 08:54:30', '2019-05-23 08:54:30'),
	(15, 3, '1207807222.jpg', '2019-05-23 08:54:30', '2019-05-23 08:54:30'),
	(16, 3, '1061182181.jpg', '2019-05-23 08:54:30', '2019-05-23 08:54:30'),
	(17, 3, '1349304986.jpg', '2019-05-23 08:54:30', '2019-05-23 08:54:30'),
	(18, 3, '717945483.jpg', '2019-05-23 08:54:30', '2019-05-23 08:54:30');
/*!40000 ALTER TABLE `property_galleries` ENABLE KEYS */;

-- Dumping structure for table hakkimsorn.edu.provinces
DROP TABLE IF EXISTS `provinces`;
CREATE TABLE IF NOT EXISTS `provinces` (
  `id` int(10) unsigned NOT NULL AUTO_INCREMENT,
  `name_en` varchar(191) COLLATE utf8mb4_unicode_ci NOT NULL,
  `slug_en` varchar(191) COLLATE utf8mb4_unicode_ci NOT NULL,
  `name_kh` varchar(191) COLLATE utf8mb4_unicode_ci NOT NULL,
  `slug_kh` varchar(191) COLLATE utf8mb4_unicode_ci NOT NULL,
  `created_at` timestamp NULL DEFAULT NULL,
  `updated_at` timestamp NULL DEFAULT NULL,
  PRIMARY KEY (`id`)
) ENGINE=MyISAM AUTO_INCREMENT=26 DEFAULT CHARSET=utf8mb4 COLLATE=utf8mb4_unicode_ci;

-- Dumping data for table hakkimsorn.edu.provinces: 25 rows
/*!40000 ALTER TABLE `provinces` DISABLE KEYS */;
INSERT INTO `provinces` (`id`, `name_en`, `slug_en`, `name_kh`, `slug_kh`, `created_at`, `updated_at`) VALUES
	(1, 'Phnom Penh', 'phnom-penh', 'ភ្នំពេញ', '', NULL, NULL),
	(2, 'Preah Sihanouk', 'preah-sihanouk', 'ព្រះសីហនុ', '', NULL, NULL),
	(3, 'Kampong Cham', 'kampong-cham', 'កំពង់ចាម', '', NULL, NULL),
	(4, 'Siem Reap', 'siem-reap', 'សៀមរាប', '', NULL, NULL),
	(5, 'Battambang', 'Battambang', 'បាត់ដំបង', '', NULL, NULL),
	(6, 'Kandal', 'Kandal', 'កណ្តាល', '', NULL, NULL),
	(7, 'Banteay Meanchey', 'Banteay-Meanchey', 'បន្ទាយមានជ័យ', '', NULL, NULL),
	(8, 'Kampong Chhnang', 'Kampong-Chhnang', 'កំពង់ឆ្នាំង', '', NULL, NULL),
	(9, 'Kampong Speu', 'Kampong-Speu', 'កំពង់ស្ពឺ', '', NULL, NULL),
	(10, 'Kampong Thom', 'Kampong-Thom', 'កំពង់ធំ', '', NULL, NULL),
	(11, 'Kampot', 'Kampot', 'កំពត', '', NULL, NULL),
	(12, 'Kep', 'Kep', 'កែប', '', NULL, NULL),
	(13, 'Koh Kong', 'Koh-Kong', 'កោះកុង', '', NULL, NULL),
	(14, 'Kratie', 'Kratie', 'ក្រចេះ', '', NULL, NULL),
	(15, 'Mondulkiri', 'Mondulkiri', 'មណ្ឌលគិរី', '', NULL, NULL),
	(16, 'Oddar Meanchey', 'Oddar-Meanchey', 'ឧត្តរមានជ័យ', '', NULL, NULL),
	(17, 'Pailin', 'Pailin', 'ប៉ៃលិន', '', NULL, NULL),
	(18, 'Preah Vihear', 'Preah-Vihear', 'ព្រះវិហារ', '', NULL, NULL),
	(19, 'Prey Veng', 'Prey-Veng', 'ព្រៃវែង', '', NULL, NULL),
	(20, 'Pursat', 'Pursat', 'ពោធ៌សាត់', '', NULL, NULL),
	(21, 'Ratanakiri', 'Ratanakiri', 'រតនគីរី', '', NULL, NULL),
	(22, 'Stung Treng', 'Stung-Treng', 'ស្ទឹងត្រែង', '', NULL, NULL),
	(23, 'Svay Rieng', 'Svay-Rieng', 'ស្វាយរៀង', '', NULL, NULL),
	(24, 'Takeo', 'Takeo', 'តាកែវ', '', NULL, NULL),
	(25, 'Tboung Khmum', 'Tboung-Khmum', 'ត្បូងឃ្មុំ', '', NULL, NULL);
/*!40000 ALTER TABLE `provinces` ENABLE KEYS */;

-- Dumping structure for table hakkimsorn.edu.users
DROP TABLE IF EXISTS `users`;
CREATE TABLE IF NOT EXISTS `users` (
  `id` int(10) unsigned NOT NULL AUTO_INCREMENT,
  `firstname` varchar(191) COLLATE utf8mb4_unicode_ci DEFAULT NULL,
  `lastname` varchar(191) COLLATE utf8mb4_unicode_ci DEFAULT NULL,
  `username` varchar(191) COLLATE utf8mb4_unicode_ci DEFAULT NULL,
  `phone` varchar(191) COLLATE utf8mb4_unicode_ci DEFAULT NULL,
  `email` varchar(191) COLLATE utf8mb4_unicode_ci NOT NULL,
  `email_verified_at` timestamp NULL DEFAULT NULL,
  `password` varchar(191) COLLATE utf8mb4_unicode_ci NOT NULL,
  `remember_token` varchar(100) COLLATE utf8mb4_unicode_ci DEFAULT NULL,
  `created_at` timestamp NULL DEFAULT NULL,
  `updated_at` timestamp NULL DEFAULT NULL,
  PRIMARY KEY (`id`),
  UNIQUE KEY `users_email_unique` (`email`),
  UNIQUE KEY `users_username_unique` (`username`),
  UNIQUE KEY `users_phone_unique` (`phone`)
) ENGINE=MyISAM AUTO_INCREMENT=2 DEFAULT CHARSET=utf8mb4 COLLATE=utf8mb4_unicode_ci;

-- Dumping data for table hakkimsorn.edu.users: 1 rows
/*!40000 ALTER TABLE `users` DISABLE KEYS */;
INSERT INTO `users` (`id`, `firstname`, `lastname`, `username`, `phone`, `email`, `email_verified_at`, `password`, `remember_token`, `created_at`, `updated_at`) VALUES
	(1, 'Samnang', 'Im', 'user', '07343143', 'user@gmail.com', NULL, '$2y$10$OW9fQs1Z2PqQxaW/3RBequAQVpxx7ONCiNNr2I2WRPD7dnoYcGisG', 'VsOxNxw0q69GX5SZ6IPdxktCUBNvdejLYj6yIlLdqIAoucRp0DwBb6qdDoeh', '2019-05-10 12:29:05', '2019-05-10 12:29:05');
/*!40000 ALTER TABLE `users` ENABLE KEYS */;

/*!40101 SET SQL_MODE=IFNULL(@OLD_SQL_MODE, '') */;
/*!40014 SET FOREIGN_KEY_CHECKS=IF(@OLD_FOREIGN_KEY_CHECKS IS NULL, 1, @OLD_FOREIGN_KEY_CHECKS) */;
/*!40101 SET CHARACTER_SET_CLIENT=@OLD_CHARACTER_SET_CLIENT */;
